match,verdict,sponsors_h1b,h1b_approvals,days_ago,posted_on,title,company,location,strengths,gaps,min_years_req,red_flags,url
88,excellent,unknown,0,6,2026-06-16,Software Engineer III,6sense,"San Francisco, California, United States","Exact seniority match: 4.0 years experience aligns perfectly with 4+ years requirement | Strong backend expertise: Python, Java Spring Boot, microservices, distributed systems, and scalable APIs directly match core requirements | Multi-cloud platform experience: AWS, GCP, and Azure all covered; AWS is primary strength | System design capability: Demonstrated through microservices architecture, SOA, API versioning, and infrastructure-as-code (Terraform, Kubernetes)","No Golang exposure mentioned (listed as 'good to have' but not present) | No explicit data platforms or analytics systems experience mentioned (good to have, not required)",4,,https://boards.greenhouse.io/6sense/jobs/8009157?gh_jid=8009157
88,excellent,unknown,0,14,2026-06-08,Full-Stack Software Engineer,crashplan,"Minneapolis, MN or Remote, US","Exceeds seniority requirement: 4 years experience vs 3+ required, with demonstrated full-stack expertise across backend and frontend | Perfect tech stack alignment: Java Spring Boot, JavaScript/TypeScript, React/Angular/Vue.js, Python all present; matches all required languages | Strong data/infrastructure experience: SQL, MongoDB, Redis, DynamoDB, Kafka, AWS services directly applicable to data storage engine work | CI/CD and DevOps proficiency: Jenkins, Docker, Kubernetes, Terraform, AWS demonstrate ability to handle monitoring and deployment requirements","No explicit mention of Go or C# experience (preferred qualifications only, not required) | No stated experience with Jest, Cypress, or Webpack testing/build tools (preferred, not required) | Location not confirmed to be in one of the specified US states or Canada (job has geographic restrictions)",3,,https://job-boards.greenhouse.io/crashplan/jobs/4278594009
82,strong,yes,1,4,2026-06-18,Software Engineer,fanduel,"Atlanta, Georgia, United States","Strong backend foundation with Java Spring Boot, Python, and microservices architecture directly aligned with payments engineering | Comprehensive AWS expertise with Kubernetes, Terraform, and infrastructure-as-code matching the tech stack explicitly mentioned | Full-stack capability with React frontend skills, enabling end-to-end ownership of user journeys for deposits/withdrawals | 4 years of experience at appropriate mid-level seniority for autonomous problem-solving without overqualification","No explicit payments, fintech, or wallet domain experience mentioned; will require business context ramp-up | Limited evidence of tax information or compliance-related system work, which may be relevant to wallet/player activity journeys",,,https://www.fanduel.careers/open-positions?gh_jid=8016515
82,strong,yes,17,4,2026-06-18,"Software Engineer II, Back-end (Card Mgmt & Transaction Processing)",affirm,Remote US,"4 years of experience exceeds 1.5+ year requirement with solid backend engineering foundation | Proficient in Python (required) and extensive distributed systems experience (AWS, Kubernetes, MySQL, microservices architecture) | Strong full-stack capabilities with proven ability to design and launch backend systems, handle complex multi-component interactions, and write well-tested code | Deep expertise in critical infrastructure: Docker, Kubernetes, AWS, MySQL, Redis, DynamoDB, CI/CD, monitoring (Splunk), and security (OAuth2, JWT, Spring Security)","No explicit mention of Kotlin experience (job lists Python OR Kotlin; candidate has Python but Kotlin absence is minor since Python is primary requirement) | Limited evidence of card management, transaction processing, or fintech domain experience—will require domain ramp-up despite strong technical foundation",5,,https://job-boards.greenhouse.io/affirm/jobs/7766277003
82,strong,unknown,0,5,2026-06-17,Backend Engineer,tradeify,Florida ,"4.0 years experience matches the 4+ years requirement exactly | Strong proficiency in Python and Node.js (both primary backend languages listed) | Extensive experience with REST APIs, GraphQL, and microservices architecture | Deep database experience: PostgreSQL/MySQL, MongoDB, Redis caching, DynamoDB","No demonstrated experience with Go or C# (nice-to-have languages, but candidate strong in Python/Node.js alternatives) | No explicit fintech, trading, crypto, or financial systems background mentioned | No mentioned experience with WebSocket services specifically (REST APIs strong, but WebSocket not called out) | No evidence of real-time systems, order books, tick data, or market data application experience",4,,https://jobs.ashbyhq.com/tradeify/cc39df67-b400-4d97-8645-60690b0e8104
82,strong,unknown,0,7,2026-06-15,Software Engineer,rvohealth,"Minneapolis, MN","4 years of software engineering experience exceeds the 2+ year requirement | Expert-level proficiency in Node.js, TypeScript, and JavaScript - the exact backend stack requested | Strong full-stack capabilities with REST APIs, GraphQL, and microservices architecture | Extensive database experience with both relational (MySQL, SQL) and NoSQL (MongoDB, DynamoDB, CosmosDB-adjacent)",No explicit mention of healthcare domain experience or familiarity with pharmacy/care platform requirements | No mention of AI/ML tools for code generation (listed as preferred but increasingly common expectation) | In-office requirement (Charlotte/Fort Mill/Denver/Minneapolis) not verified - candidate location unknown,2,no visa sponsorship,https://job-boards.greenhouse.io/rvohealth/jobs/4703896005
82,strong,no,0,12,2026-06-10,Software Engineer (2026),"ENFOS, Inc.","Durham, North Carolina, United States","Direct React and Java/Spring Boot experience—the exact core stack required for this full-stack role | 4 years of relevant experience aligns well with a 2026 graduate/junior engineer position; demonstrates practical depth beyond entry-level | Comprehensive full-stack skill set including SQL, databases, Docker, CI/CD, REST APIs, and microservices architecture matches the job's end-to-end feature delivery expectations | US work authorization eliminates visa/sponsorship friction","No mention of GitLab experience (job specifies GitLab); candidate has Git/BitBucket but GitLab-specific tooling not demonstrated | Limited evidence of enterprise SaaS domain experience or financial/compliance systems (SOX, audit-readiness context); role emphasizes blue-chip industrial clients with complex regulatory needs",2,,https://jobs.workable.com/view/ioR4k8s7prBZqCfiKsG3ju/software-engineer-(2026)-in-durham-at-enfos%2C-inc.
82,strong,unknown,0,13,2026-06-09,Software Engineer,futurefitai,Remote (North America),"Full-stack capability with React/TypeScript frontend and Node.js backend—exact stack match for the role | 4 years experience at mid-level seniority, perfectly aligned with the 'mid to senior range' hiring and ready for meaningful ownership from day one | Proven microservices, cloud (AWS/GCP/Azure), and production deployment experience (Docker, Kubernetes, CI/CD, Jenkins) matching the high-velocity, high-bar engineering culture | Strong full-stack delivery track record: RESTful APIs, GraphQL, SQL/MongoDB databases, security (OAuth2, JWT), and end-to-end feature ownership across multiple roles","PostgreSQL not explicitly listed in skills (MongoDB and MySQL are), though SQL foundation is strong and PostgreSQL is learnable for a mid-level engineer | No explicit mention of product partnership, design collaboration, or customer-facing impact work—though full-stack background suggests exposure",3,,https://jobs.ashbyhq.com/futurefitai/df12191c-3c81-4750-9a17-4e6f94181599
78,strong,yes,7,3,2026-06-19,Developer II - Full Stack Python Developer (Equities Investment Technology),Neuberger Berman,"New York, United States","4 years of professional experience aligns well with 1-3 years requirement; demonstrates seniority and maturity | Strong Python expertise with proven RESTful API and microservices development; experience with multiple frameworks (Spring Boot, Express.js, Node.js) shows adaptability to FastAPI | Full-stack capability with React, TypeScript, and modern JavaScript; directly matches UI requirements | Extensive SQL and database experience (MySQL, MongoDB, DynamoDB); familiar with cloud data platforms and query optimization","No explicit FastAPI experience mentioned; while Python and REST API skills transfer well, FastAPI-specific knowledge would require ramp-up | No demonstrated financial services, capital markets, or fintech domain experience; equities markets knowledge is absent | No mention of Snowflake or MS SQL Server specifically; while SQL proficiency is strong, these particular platforms are new | No explicit observability tools experience listed (Splunk is mentioned but not in observability context for this role); logging/metrics/tracing maturity unclear",1,,https://jobs.workable.com/view/uwMXZKrvbTzEMFCwJzYxxG/developer-ii---full-stack-python-developer-(equities-investment-technology)-in-new-york-at-neuberger-berman
78,strong,unknown,0,6,2026-06-16,Software Engineer (Starlink Enterprise),spacex,"Palo Alto, CA","Full-stack capability with strong backend (Java Spring Boot, Python, Node.js) and frontend (Angular, React, TypeScript) experience matching job requirements | 4 years professional experience exceeds the 1+ year requirement and aligns well with mid-level full-stack engineer expectations | Extensive cloud infrastructure experience (AWS, Azure, GCP), containerization (Docker, Kubernetes), CI/CD (Jenkins), and distributed systems (Kafka, microservices) directly applicable to large-scale Starlink systems | Preferred tech stack alignment: TypeScript, Python, Java, Angular, React, SQL databases, version control, and performance-critical application experience all present","No demonstrated experience with C# or Go (mentioned as preferred languages); primary stack is Python/Java/TypeScript | No explicit mention of PostgreSQL, SQL Server, or CockroachDB experience (only MySQL, MongoDB, DynamoDB listed); database preference gap though SQL fundamentals are strong | No evidence of embedded systems, satellite/IoT, or aerospace domain experience which could be valuable for Starlink's unique hardware-software integration challenges",1,,https://boards.greenhouse.io/spacex/jobs/8586637002?gh_jid=8586637002
78,strong,unknown,0,7,2026-06-15,"Software Engineer II, Cloud Engineering",axon,"Seattle, Washington, United States","4.0 years experience matches the 4+ years AWS infrastructure requirement exactly | Deep AWS expertise across required services: S3, EC2, Lambda, Fargate, SNS/SQS, CloudWatch, IAM | Strong infrastructure-as-code skills with Terraform and Docker/Kubernetes experience | Python proficiency for data workflows and microservices architecture knowledge",No explicit mention of CDK or CloudFormation experience (job lists as 'must have' for IaC) | Background is full-stack/backend focused rather than specialized cloud infrastructure/DevOps engineering,4,,https://job-boards.greenhouse.io/axon/jobs/7773853003
78,strong,unknown,0,11,2026-06-11,Senior Full Stack Software Engineer,pluribusdigital,Remote,"Excellent full-stack coverage: Java Spring Boot, Angular, TypeScript, RESTful APIs, and modern cloud platforms (AWS, Azure, GCP) directly align with legacy modernization and full-stack development needs | Strong backend modernization experience: Spring Boot, Hibernate/JPA, microservices architecture, and API design position candidate well for refactoring legacy Java/Struts applications | Security and DevOps competencies: OAuth2, JWT, Spring Security, CI/CD, Docker, Kubernetes, and Terraform match the security and DevOps integration requirements | Agile and collaborative mindset: Demonstrated Scrum, TDD, code review culture, and cross-functional collaboration experience align with team-based delivery model","Seniority level mismatch: 4 years of experience is mid-level; role explicitly seeks 'Senior' engineer, typically requiring 7-10+ years. Candidate may lack depth in architectural decision-making, mentorship, and complex legacy system navigation at scale | No explicit IAM/Keycloak experience mentioned: Role emphasizes Keycloak and advanced IAM solutions; candidate has OAuth2/JWT but no demonstrated hands-on Keycloak implementation",5,,https://pluribusdigital.com/join/openings?gh_jid=7770293003
78,strong,yes,17,11,2026-06-11,"Software Engineer II, Backend (ML Training & Serving)",affirm,Remote US,"4 years of backend engineering experience exceeds the 1.5+ year minimum requirement | Strong Python proficiency with demonstrated microservices, distributed systems, and backend architecture experience | Extensive AWS expertise combined with Kubernetes, Docker, and infrastructure-as-code (Terraform) skills matching the distributed systems requirements | Proven experience with databases (MySQL, MongoDB, DynamoDB) and message queues (Kafka, SNS/SQS) critical for ML infrastructure","No explicit ML infrastructure, ML training pipelines, or ML serving platform experience mentioned—this is a specialized ML infrastructure role requiring domain knowledge the candidate may lack | No mention of ML frameworks (TensorFlow, PyTorch), model serving systems (TensorFlow Serving, KServe), or feature stores that are typical in ML training/serving teams",5,,https://job-boards.greenhouse.io/affirm/jobs/7762568003
78,strong,unknown,0,14,2026-06-08,Software Engineer - Cloud Platform,rdccareers,"Austin, Texas, United States","Full-stack expertise with React.js, Node.js, and TypeScript—directly applicable to Backstage frontend and backend development | Strong AWS cloud platform experience with proven microservices, Docker, Kubernetes, and infrastructure-as-code (Terraform) skills | Python proficiency for governance scripting and automation, plus Node.js for backend services and plugin development | 4 years of relevant experience at appropriate seniority level for this mid-level Cloud Platform Engineer role","No explicit mention of Backstage platform experience or Internal Developer Portal (IDP) work—will require onboarding to this specific ecosystem | Limited evidence of cloud governance, compliance automation, or IAM policy enforcement work—core focus area of the role",2,,https://boards.greenhouse.io/rdccareers/jobs/7765054003?gh_jid=7765054003
76,strong,yes,3,5,2026-06-17,"Sr. Software Engineer, Cloud Platform",poshmark,US California (Redwood City) - Office,"4+ years of relevant software engineering experience matches the requirement exactly | Extensive AWS expertise with distributed cloud architecture, microservices, and cloud-native technologies (Docker, Kubernetes, Terraform) | Strong backend foundation with Java Spring Boot, Node.js, and experience with NoSQL (MongoDB, DynamoDB), messaging (Kafka, SNS/SQS), and relevant infrastructure | Full-stack capabilities with HTML5, CSS3, JavaScript, and modern frontend frameworks align with product development needs","No Ruby or JRuby experience mentioned; Poshmark appears to use Ruby stack which is a notable gap for a senior role | No explicit mention of ElasticSearch or search infrastructure experience, though distributed systems background is strong | No mentioned experience with email or push notification technologies (listed as a plus, not required) | Degree requirement (BS/MS in CS or equivalent) not confirmed in candidate profile",4,,https://jobs.ashbyhq.com/poshmark/c39b36db-b21f-4836-91aa-b4f1ae96b8e4
76,strong,unknown,0,7,2026-06-15,"Software Developer II - Provisioning (Full Stack, Front End)",testnisc,"Cedar Rapids, IA","Full-stack development experience with both frontend (Angular, React, TypeScript) and backend (Java Spring Boot, Node.js, Python) skills matching the role's full-stack requirement | 4 years of experience aligns well with Software Developer II mid-level seniority expectations | Strong cloud and DevOps expertise (AWS, Azure, GCP, Docker, Kubernetes, Terraform, CI/CD) valuable for provisioning systems at scale | Microservices and SOA architecture experience directly applicable to enterprise telecom/utility provisioning solutions","No demonstrated experience with agentic AI systems or emerging AI technologies, which the job description emphasizes as a key interest area | No specific domain experience in telecommunications, utilities, or provisioning systems mentioned; will require domain onboarding",5,,https://job-boards.greenhouse.io/testnisc/jobs/8008471
76,strong,unknown,0,12,2026-06-10,Software Engineer III – Trust Service Team,idme,"Mountain View, California, United States","Java Spring Boot expertise directly aligns with backend-intensive Java service requirement | 4 years experience matches Software Engineer III seniority level well | Strong REST API design, database query optimization, and SQL/MySQL skills for data model ownership | Microservices, distributed systems, and cloud infrastructure (AWS, Docker, Kubernetes) experience for high-throughput production systems","No demonstrated experience with identity/authentication domain or trust/security-critical systems at scale | Limited evidence of API versioning, backwards compatibility, and contract-first design patterns in production | No mention of federal compliance, NIST standards, or regulated environment experience (job serves 20 federal agencies)",4,,https://job-boards.greenhouse.io/idme/jobs/7767397003
76,strong,unknown,0,13,2026-06-09,"Engineer II, Full Stack",bellese,United States,"Expert-level Java Spring Boot and backend microservices experience directly matching core tech stack | Full-stack capability with Angular, TypeScript, and JavaScript for UI development as required | 4 years experience with proven ability to design and deliver medium-to-large features in distributed systems | Strong cloud infrastructure knowledge (AWS, Azure, GCP) with Docker, Kubernetes, and Terraform for modernization initiatives","No demonstrated PostgreSQL experience (job uses PostgreSQL; candidate has MySQL/MongoDB/DynamoDB but not explicitly PostgreSQL) | No FHIR healthcare standards experience mentioned (nice-to-have but relevant for CMS/healthcare domain) | No AI/ML experience listed (nice-to-have but candidate lacks this) | Seniority slightly below 'Senior' level (4 years is mid-level; role is Engineer II/Senior, typically 5-7+ years expected)",,,https://jobs.lever.co/bellese/59e65d4f-3c44-4e20-b0b2-8d2cef9374a0
72,strong,unknown,0,4,2026-06-18,Senior Software Engineer (Python),patientpoint,"Remote, US","Strong Python expertise with 4 years of professional experience | Deep AWS knowledge with hands-on experience across multiple services (SNS/SQS, DynamoDB, etc.) | Proven backend/microservices architecture experience with RESTful APIs and scalable system design | Full-stack capability with modern development practices (CI/CD, TDD, Agile) and infrastructure-as-code (Terraform, Docker, Kubernetes)","Seniority mismatch: 4 years experience vs Senior role typically requiring 6-8+ years; candidate is mid-level, not senior | No demonstrated experience with Google Ad Manager or Elasticsearch, which are explicitly called out as core technologies for this role",2,,https://job-boards.greenhouse.io/patientpoint/jobs/4707486005
72,strong,unknown,0,4,2026-06-18,"Software Engineer, Product Experiences",peregrinetechnologies,"San Francisco, California, Unites States","Strong full-stack capabilities with React, TypeScript, and Python - core to Peregrine's stack | 4 years of experience matches mid-level expectations for product-focused engineering role | Extensive backend experience with Django-adjacent frameworks (Spring Boot), Kafka, and data pipeline tools (Airflow-adjacent with orchestration knowledge) | AWS expertise and infrastructure-as-code (Terraform, Kubernetes) aligns with Peregrine's deployment model","No explicit Django or Celery experience listed - Peregrine's backend foundation; candidate has Spring Boot but not the specific framework | No mention of Elasticsearch, PostgreSQL, or semantic search/discovery experience - critical for search and dossier features | No demonstrated experience with ML/AI integration (Bedrock, SageMaker) or working with ML models in production | Limited evidence of working on geospatial/mapping features (Mapbox) or real-time collaborative experiences at scale",2,,https://job-boards.greenhouse.io/peregrinetechnologies/jobs/4704820005
72,strong,unknown,0,4,2026-06-18,"Software Engineer, Identity",scaleai,"San Francisco, CA; New York, NY","4.0 years of full-time engineering experience matches the 4+ years requirement exactly | Strong infrastructure expertise: AWS, Azure, GCP, Docker, Kubernetes, Terraform, CI/CD, microservices architecture | Deep authentication/authorization knowledge: OAuth2, JWT, Spring Security, RESTful APIs, GraphQL - directly applicable to identity systems | Distributed systems and cloud platform experience (AWS preferred) with proven microservices and SOA background","No demonstrated hands-on experience with specialized authorization frameworks (OpenFGA, Authzed, Cedar, Topaz) or Zanzibar-based ReBAC models - critical for this identity-focused role | No explicit mention of SSO, MFA, SAML, OIDC, or federated identity solutions implementation experience | No evidence of IAM controls expertise or identity governance/compliance work (NIST, SOC2, ISO 27001) | Limited visibility into independent ownership of infrastructure/identity projects at scale or presenting technical guidance to security/audit teams",4,,https://job-boards.greenhouse.io/scaleai/jobs/4706566005
72,strong,unknown,0,5,2026-06-17,"Senior Software Engineer, WebOTT",tubitv,"San Francisco, CA (Hybrid)","Strong React.js and TypeScript expertise with 4 years of full-stack experience | Proven Node.js backend skills and experience with CI/CD pipelines (Jenkins, GitHub Actions equivalent) | Solid infrastructure knowledge: Terraform, Docker, Kubernetes, CDN-adjacent cloud platforms (AWS, Azure, GCP) | Web performance optimization mindset demonstrated through microservices and API design experience",Seniority mismatch: 4 years experience vs. 5+ years required for Senior role; no explicit mentoring or leadership track record mentioned | No demonstrated OTT/streaming platform experience or low-end device optimization expertise | Redux not explicitly listed in skills (React state management critical for this role) | No evidence of leading engineering initiatives or cross-functional stakeholder communication at scale,5,,https://job-boards.greenhouse.io/tubitv/jobs/8013661
72,strong,unknown,0,5,2026-06-17,"Software Engineer, Virality and Activation",otterai,"Mountain View, CA","4 years of backend engineering experience aligns well with the 2-4 year requirement | Strong Python skills and experience with multiple backend frameworks (Spring Boot, Express.js, Node.js) demonstrate backend depth | Extensive database experience including MySQL, MongoDB, Redis, and DynamoDB matches the relational + NoSQL requirement | Solid AWS experience (EC2, S3 implied through cloud work) and multi-cloud exposure (Azure, GCP)","No explicit Django experience mentioned—job specifically calls for Django; candidate has Spring Boot, Express.js, Node.js but not the named framework | No demonstrated product analytics or A/B testing experience listed; job emphasizes this as a key responsibility and growth area",2,,https://otter.ai/careers?gh_jid=7776934003
72,strong,unknown,0,5,2026-06-17,Software Engineer II - Integrations,limble,"Charlotte, North Carolina","4 years of experience exceeds 3+ year requirement with solid backend and microservices foundation | Strong Node.js and TypeScript proficiency demonstrated across multiple roles | Extensive REST API, OAuth2, JWT, and third-party API integration experience directly applicable to customer-facing API work | SQL and relational database expertise (MySQL) plus NoSQL experience (MongoDB, DynamoDB)",No demonstrated experience with iPaaS platforms (Prismatic or competitors) - this is a core requirement and significant knowledge gap | No evidence of webhook integration experience or IoT/ERP system integration work specific to the domain | Limited evidence of customer-facing API design or developer experience improvements in portfolio,3,,https://jobs.ashbyhq.com/limble/5d5a5755-1859-44c6-bcd7-566a63c9f0ad
72,strong,unknown,0,5,2026-06-17,Full Stack Engineer,patlytics,New York,"Full-stack experience with Python backend, frontend frameworks (Angular, React, Vue.js), and microservices architecture directly applicable to Python/FastAPI + Next.js stack | 4 years of relevant experience at appropriate seniority level for full-stack feature ownership; demonstrates ability to work across backend services, data pipelines, and frontend optimization | Strong DevOps/infrastructure skills (Docker, Kubernetes, Terraform, AWS, CI/CD, Jenkins) essential for scalable systems handling millions of requests; experience with message queues (Kafka, SNS/SQS) relevant to data pipeline work","No demonstrated Next.js experience (candidate has Angular, React, Vue.js but not Next.js specifically); FastAPI not explicitly listed though Python expertise present | No mention of LLM/AI platform experience or machine learning inference pipeline work, which appears central to Patlytics' product differentiation and core backend service",4,senior/8+yr signals in JD,https://jobs.ashbyhq.com/patlytics/15f8c987-b446-44d4-bdd3-8acc56ef5ea2
72,strong,unknown,0,6,2026-06-16,Full Stack Agentic Developer,charlesriverassociates,"Boston, MA, United States; Chicago, IL, United States; Dallas, Texas, United States; Houston, Texas, United States; New York, NY, United States; Oakland, CA, United States; Washington, DC, United States","Solid full-stack foundation: React, TypeScript, Node.js/Express, and backend API design align directly with the tech stack (React/Vite, Node.js/TypeScript, Express) | 4 years of relevant experience with microservices, cloud platforms (Azure, AWS, GCP), and distributed systems—appropriate seniority for a senior full-stack role | Demonstrated expertise in authentication (OAuth2, JWT, Spring Security), real-time systems (Kafka, streaming patterns), and observability (Splunk)—critical for agent monitoring and session workflows | Production-grade full-stack capabilities: SQL/PostgreSQL-adjacent (MySQL, DynamoDB), file management patterns, CI/CD, and API design (RESTful, GraphQL, OpenAPI/Swagger)","No explicit LLM, agentic systems, or AI agent runtime experience listed—the role requires hands-on understanding of agent planning, tool use, error recovery, and prompt/context systems, which is a core differentiator | No mention of React/Vite, streaming UI patterns, or real-time frontend state management (RxJS listed but not in React context)—agentic streaming and live agent activity monitoring are central to this role",6,,https://job-boards.greenhouse.io/charlesriverassociates/jobs/7983777
72,strong,unknown,0,6,2026-06-16,"Software Engineer III, Edge Networking Platform",boxinc,"Redwood City, CA, United States","4 years of professional software engineering experience with demonstrated backend focus (Backend Software Engineer, Microservices Engineer titles) | Strong Python proficiency with production-grade service building experience across multiple roles | Infrastructure as Code expertise with Terraform and cloud platforms (AWS, Azure, GCP) directly applicable to network resource provisioning | Microservices architecture and API design experience (RESTful, GraphQL, OpenAPI/Swagger) relevant to backend service design",No demonstrated networking fundamentals or edge networking platform experience mentioned; role emphasizes 'strong networking fundamentals' as grounding for the work | Limited evidence of Infrastructure as Code at scale or network-specific automation; Terraform experience present but networking domain expertise unclear,3,,https://job-boards.greenhouse.io/boxinc/jobs/7569571
72,strong,yes,2,7,2026-06-15,"Software Engineer, Full Stack, Growth Team ",fubotv,"New York, NY ","4 years of experience matches the 4-6 year requirement exactly | Strong full-stack capabilities with React, TypeScript, Node.js, and backend experience across multiple languages | Extensive database experience with PostgreSQL, Redis, and multiple cloud platforms (GCP, AWS, Azure) | Kubernetes, Docker, CI/CD, Git, and DevOps tooling expertise directly align with job requirements","No Go experience listed - this is a significant gap for a backend-leaning role where Go is the primary backend language; while candidate has Java Spring Boot and Node.js, Go is a compiled language with different paradigms | No explicit mention of A/B testing, feature flags, or analytics development experience | No demonstrated SEO engineering best practices experience | No mention of AI coding assistant experience (Claude/Cursor) - though this is learnable, it's called out as part of daily workflow",4,,https://careers.fubo.tv/fubotv-job-openings/?gh_jid=8008137
72,strong,unknown,0,7,2026-06-15,Senior Software Engineer ,alumniventures,"Andover, MA","4 years of full-stack and backend experience aligns well with building internal/investor-facing applications and APIs | Strong expertise in data transformation, APIs (REST, GraphQL), and integrations across multiple cloud platforms (AWS, Azure, GCP) | Proven microservices, automation, and workflow design experience directly applicable to converting spreadsheet processes into scalable systems | US work authorization confirmed with no sponsorship required","Senior-level role typically requires 6-8+ years; candidate has 4 years, placing them at mid-level rather than senior seniority | No demonstrated experience with financial systems, venture capital operations, or investor reporting workflows—domain knowledge gap for this VC-specific role",6,,https://job-boards.greenhouse.io/alumniventures/jobs/4285969009
72,strong,unknown,0,8,2026-06-14,Senior Full Stack Software Engineer,Cynch AI,"San Francisco, California, United States","Full-stack engineer with backend bias matches role perfectly; 4 years experience with production systems at appropriate seniority level for Senior role | Strong backend fundamentals: microservices, APIs, data modeling, databases (SQL, MongoDB), cloud platforms (AWS, Azure, GCP), Docker/Kubernetes, CI/CD, observability (Splunk) | Proven ability to build reliable production systems: Spring Boot, RESTful/GraphQL APIs, authentication (OAuth2, JWT), TDD, and experience with complex integrations and data pipelines | US work authorization eliminates visa/sponsorship friction; full-stack capability with TypeScript, Python, Java, React, Node.js aligns with stated tech stack","No demonstrated experience with Go, Julia, or Postgres specifically (though SQL/database experience transfers); job description emphasizes these as part of their stack | No explicit mention of AI-assisted development workflows or experience evaluating/constraining AI-generated code; role is 'all-in on AI' and this is central to the position | Limited evidence of domain expertise in tax/accounting, document processing, or compliance systems; while not required, the role involves building execution engines for tax workflows and the candidate's background appears more generic full-stack",,,https://jobs.workable.com/view/urhRVSBgPiBom9eMeiCopb/hybrid-senior-full-stack-software-engineer-in-san-francisco-at-cynch-ai
72,strong,yes,1,9,2026-06-13,Software Engineer Full Stack,Faro Health Inc.,"San Diego, United States","Proficient in both TypeScript and Python, the two primary languages required | Strong full-stack capabilities with React, Node.js, Express.js, HTML5, CSS3 matching frontend stack | Extensive microservices, Docker, Kubernetes, and cloud experience (AWS, Azure, GCP) aligning with SaaS architecture needs | Experience with event-driven systems (Kafka, SNS/SQS) and message queues as required","4 years experience vs 5+ years required; slightly below seniority threshold | No mention of PostgreSQL specifically (job prefers it); only MySQL/SQL experience shown | No demonstrated experience with UV, Vite, or modern frontend build tooling mentioned in job | No explicit mention of Redis caching or Inversify framework experience",5,,https://jobs.workable.com/view/aaZAevGisCEsAcbmNoVieb/hybrid-software-engineer-full-stack-in-san-diego-at-faro-health-inc.
72,strong,unknown,0,10,2026-06-12,"Software Developer II - Financials (Full Stack, Front End)",testnisc,"Cedar Rapids, IA","Full-stack development experience with 4 years tenure matching Software Developer II level | Strong frontend skills (Angular, TypeScript, React, Vue.js, HTML5/CSS3) for financials UI work | Comprehensive backend capabilities (Java Spring Boot, Python, Node.js, RESTful APIs, GraphQL) for financial systems | Enterprise cloud infrastructure experience (AWS, Azure, GCP, Docker, Kubernetes, Terraform) suitable for utility/financial software","No demonstrated experience with financial domain systems, accounting, payroll, or utility billing software (iVUE Connect or similar ERP systems) | Limited evidence of agentic AI/emerging AI systems experience despite job's emphasis on intelligent automation exploration | No mention of specific financial software frameworks or compliance requirements (SOX, audit trails, financial reporting standards)",5,,https://job-boards.greenhouse.io/testnisc/jobs/8003818
72,strong,unknown,0,10,2026-06-12,"Software Engineer, Infrastructure",chime,"Remote, USA","4 years of experience aligns well with the 2-4 year requirement for this infrastructure role | Hands-on production experience with Terraform, Kubernetes, Docker, and AWS (DynamoDB, RDS) directly matches core job requirements | Strong Python skills plus backend/microservices engineering background provides solid foundation for infrastructure-as-code and systems thinking | Experience with Spring Boot, microservices architecture, and distributed systems demonstrates understanding of scalable, reliable infrastructure design","No explicit mention of data engineering, ETL pipelines, or data platform experience (listed as 'strong plus' but valuable context for this data infra role) | Limited evidence of infrastructure-focused career trajectory—background is primarily full-stack/backend software engineering rather than dedicated platform/infrastructure engineering, which may indicate less depth in systems-level reliability and capacity planning patterns",2,,https://boards.greenhouse.io/chime/jobs/8573625002?gh_jid=8573625002
72,strong,unknown,0,10,2026-06-12,Senior Front End Software Engineer,debtbook,"Charlotte, NC","4 years of experience matches the 4+ years requirement exactly | Strong React and TypeScript expertise with Angular and Vue.js experience demonstrating modern frontend mastery | Full-stack background with Java Spring Boot, Node.js, and SQL/database experience enables comfortable backend touching (Rails equivalent skills transferable) | AWS cloud platform experience aligns with job's AWS infrastructure","No professional Ruby on Rails experience (job lists as a plus, but candidate has Spring Boot/Node.js equivalents) | No demonstrated PostgreSQL experience (has MySQL, MongoDB, DynamoDB but not the specific DB used) | No explicit mention of AI-assisted development experience or demonstrated enthusiasm for it (job emphasizes this as a key responsibility) | Limited evidence of mentoring/coaching experience at senior level (role requires coaching teammates and onboarding)",4,,https://job-boards.greenhouse.io/debtbook/jobs/4705565005
72,strong,unknown,0,11,2026-06-11,Siena - Fullstack Engineer,silver,Remote,"Strong full-stack capabilities with Node.js, TypeScript, React, and Express—core stack match | Solid AWS experience (multiple services) and infrastructure-as-code skills (Terraform, Docker, Kubernetes) | Microservices, scalable systems, and event-driven architecture (Kafka, SNS/SQS) directly align with role requirements | CI/CD pipeline experience (Jenkins, and familiarity with deployment automation)","LLM/AI production experience not evident in candidate profile—job explicitly states this is a must-have, not a bonus | Seniority gap: candidate has 4 years, role requires 5+ years of ownership; borderline but slightly under | No mention of Next.js (bonus but increasingly common in modern Node/React stacks) | No explicit customer support or CX software background mentioned",5,,https://jobs.ashbyhq.com/silver/f69efa5f-3be5-4a6c-addd-6e5f43811e4f
72,strong,yes,22,11,2026-06-11,Senior Software Engineer - PA111 - Workflows ,zoominfo,"Waltham, Massachusetts, United States","Strong Java Spring Boot expertise with 4 years backend experience, directly matching core requirement | Proven event-driven architecture experience with Apache Kafka and AWS SNS/SQS, essential for workflow systems | Solid Node.js skills and familiarity with microservices, distributed systems, and cloud platforms (GCP, AWS, Azure) | Demonstrated observability/monitoring experience with Splunk, logging, and CI/CD practices",No explicit Temporal or Google Cloud Workflows experience mentioned—critical workflow orchestration tools for this role | 4 years experience is mid-level; role is Senior with mentorship/architectural leadership expectations that may stretch candidate | No mention of NestJS (Node.js framework explicitly listed); only Express.js and general Node.js shown | Limited evidence of large-scale distributed systems troubleshooting or production incident response at the scale ZoomInfo operates,5,,https://www.zoominfo.com/careers?gh_jid=8568091002
72,strong,unknown,0,12,2026-06-10,"Software Engineer (Full-Stack), GTM Tooling",cockroachlabs,"New York, NY","Full-stack capability with strong frontend (React, Angular, TypeScript) and backend (Python, Node.js, Spring Boot) skills matching GTM tooling UI/UX and integration work | 4 years of experience at appropriate seniority level for building new systems and defining architecture patterns | Microservices, API design (REST, GraphQL, OpenAPI), and cloud infrastructure (AWS, GCP, Azure) experience relevant for scalable internal platform development | Modern DevOps/infrastructure skills (Docker, Kubernetes, Terraform, CI/CD) and messaging systems (Kafka, SNS/SQS) applicable to workflow orchestration","No demonstrated experience with AI/ML integration, agentic systems, or LLM-based workflows—core to the GTM OS vision of human-AI collaboration | No mention of workflow orchestration platforms, automation frameworks, or business process management systems that would be foundational for building a workflow execution engine",5,,https://www.cockroachlabs.com/careers/job/?gh_jid=7967509
72,strong,unknown,0,12,2026-06-10,"Product Engineer II- Rest API, ArcGIS Enterprise",esri,"Redlands, CA","4 years of experience with RESTful API design, testing, and validation across multiple projects | Strong proficiency in Python, Java, JavaScript/Node.js, and TypeScript—all suitable for API development | Extensive REST API expertise: OpenAPI/Swagger, API versioning, HTTP concepts, OAuth2/JWT authentication, and security | Cloud platform experience (AWS, Azure, GCP) aligns with multi-environment deployment requirements (Windows, Linux, Kubernetes)","No demonstrated experience with ArcGIS Enterprise, ArcGIS Online, or geospatial technology—a stated requirement | No explicit mention of API test automation frameworks or performance testing tools in work history | No evidence of presenting technical topics at conferences or large internal audiences, though communication skills are strong",2,,https://www.esri.com/careers/5150167007?gh_jid=5150167007
72,strong,unknown,0,12,2026-06-10,Senior Software Engineer - Government Cloud,tines,United States (Remote),"4 years of backend/microservices experience aligns well with senior-level expectations for a specialized government cloud role | Strong AWS expertise (including cloud infrastructure, Docker, Kubernetes, Terraform) directly applicable to AWS GovCloud environment | Solid security foundation with OAuth2, JWT, Spring Security, and API design experience relevant to compliance-regulated environments | Full-stack capability with Python, Java Spring Boot, and modern tooling (CI/CD, Jenkins, observability) matches the need to build abstractions and enable cross-team feature development","No demonstrated experience with government compliance frameworks (FedRAMP, NIST, FISMA, HIPAA, etc.) or GovCloud-specific deployments—critical for a government cloud-focused senior role | Seniority level is mid-level (4 years) for a 'Senior' title; typically senior roles expect 6-8+ years, though specialized government cloud experience could offset this | No evidence of security hardening, audit/compliance tooling development, or working in highly regulated environments—core responsibilities of this role",7,,https://job-boards.greenhouse.io/tines/jobs/6017339004
72,strong,unknown,0,12,2026-06-10,"Software Engineer, Data Governance",peregrinetechnologies,"San Francisco, California, Unites States","Strong backend foundation with Python, which is the primary language for Peregrine's stack (Django, Celery, Airflow) | Extensive experience with AWS, Kubernetes, Terraform, and infrastructure-as-code matching the job's tech stack requirements | Solid full-stack capabilities with React/TypeScript frontend skills aligning with their React/Redux frontend | 4 years of experience with microservices, API design, and security patterns (OAuth2, JWT, Spring Security) relevant to data governance architecture","No demonstrated experience with Django or Celery specifically, which are core to Peregrine's backend stack; candidate has Spring Boot and Node.js but not Django | Limited evidence of data governance, access control, or compliance-focused work; role requires deep expertise in fine-grained permissions, auditability, and policy enforcement which aren't evident in candidate's background | No mention of Airflow experience, which is explicitly part of their data pipeline infrastructure | No experience with Mapbox or geospatial data systems, though this is secondary to core governance work",2,,https://job-boards.greenhouse.io/peregrinetechnologies/jobs/4704801005
72,strong,unknown,0,12,2026-06-10,"Software Engineer, Platform",peregrinetechnologies,"San Francisco, California, Unites States","Python backend expertise aligns with Django/Celery/Airflow stack foundation | 4 years full-stack experience with microservices, cloud infrastructure (AWS/GCP/Azure), and Kubernetes matches platform engineering scope | Strong DevOps/infrastructure skills: Docker, Kubernetes, Terraform, CI/CD, and AWS services directly applicable to platform optimization work | Experience with data technologies: SQL, PostgreSQL, Redis, DynamoDB, Kafka, and Elasticsearch exposure relevant to data platform role","No explicit Django or Celery experience listed; while Python background is strong, specific framework expertise with job's core backend stack is unclear | Limited evidence of large-scale data platform optimization work (e.g., Elasticsearch performance tuning, order-of-magnitude improvements) at this seniority level | No mention of Airflow, Pulumi, or Mapbox experience; missing some specialized platform tools | 4 years experience is solid mid-level but role emphasizes 'experienced engineers' and 'vast ownership' suggesting preference for senior+ engineers (5-7+ years typical for platform-spanning strategic initiatives)",2,,https://job-boards.greenhouse.io/peregrinetechnologies/jobs/4704812005
72,strong,yes,3,12,2026-06-10,Sr. Software Engineer Core Infrastructure,poshmark,US California (Redwood City) - Office,"4.0 years experience matches the 4+ years requirement for backend systems | Strong Java expertise with Spring Boot and microservices architecture directly aligns with core infrastructure work | Extensive database experience (SQL, MySQL, MongoDB, Redis, DynamoDB) covers both NoSQL and SQL scaling requirements | Proven distributed systems knowledge through Kafka, microservices, and multi-cloud (AWS, Azure, GCP) experience","No Ruby or JRuby experience listed; Ruby is explicitly called out as a primary language for the role and the monolith-to-microservices migration | Limited evidence of mentoring/senior-level impact; job expects 6-month accomplishment of meaningful design feedback and peer mentoring, 12-month of identifying architectural gaps—candidate's titles suggest IC level but no explicit leadership/mentoring experience documented",4,,https://jobs.ashbyhq.com/poshmark/0781cc6c-be09-4075-9628-3fafa9fef00f
72,strong,unknown,0,13,2026-06-09,Senior Full Stack Engineer ,infisical,United States & Canada,"Strong JavaScript ecosystem mastery: React.js, Node.js, TypeScript, and Express.js all present with 4 years of full-stack experience | Comprehensive backend and DevOps skills: microservices, Kubernetes, Docker, Terraform, CI/CD, and cloud platforms (AWS, Azure, GCP) align well with infrastructure platform needs | Security-relevant experience: OAuth2, JWT, Spring Security, and API design (OpenAPI/Swagger) demonstrate understanding of authentication and secure systems","Seniority mismatch: 4 years experience is mid-level; role explicitly seeks 'Senior' engineer with deeper mastery expected for complex infrastructure (PKI, PAM, KMS, EST/KMIP protocols) | No Go expertise mentioned: job lists Go as nice-to-have but candidate shows no Go experience; for infrastructure/DevOps-heavy role, this is a notable gap",,,https://jobs.ashbyhq.com/infisical/3b1dd1a3-e5e7-46e5-b1d2-862f672d8878
72,strong,unknown,0,14,2026-06-08,"Sr Systems Specialist (Full Stack, Cloud)",testnisc,"Mandan, ND","Full-stack capability across frontend (Angular, React, TypeScript) and backend (Java Spring Boot, Node.js, Python) aligns perfectly with role's cross-stack requirement | Extensive cloud infrastructure experience (AWS, Azure, GCP) with DevOps tooling (Docker, Kubernetes, Terraform, CI/CD, Jenkins) matches systems engineering and deployment needs | Microservices architecture, API design (REST, GraphQL, OpenAPI/Swagger), and distributed systems experience (Kafka, SNS/SQS) directly applicable to enterprise software solutions | 4 years of relevant experience positions candidate at mid-level, fitting the 'mid to senior-level technologist' description","Seniority expectation unclear—candidate has 4 years (solid mid-level) but 'Sr Systems Specialist' title may expect 6-8+ years; no explicit senior-level leadership or architecture ownership demonstrated | No mention of AI-assisted development tools (Claude, etc.) adoption or experience, which job explicitly highlights as valued",5,,https://job-boards.greenhouse.io/testnisc/jobs/7990763
62,possible,yes,1,3,2026-06-19,Senior Software Engineer - AI Integrations,commure,"Mountain View, CA","Strong backend engineering foundation with Java Spring Boot, Python, and microservices architecture directly applicable to healthcare integration platform design | Extensive cloud infrastructure experience (AWS, Azure, GCP) with Docker, Kubernetes, and Terraform for scalable deployment of integration solutions | Proven API design and integration expertise with RESTful APIs, GraphQL, OpenAPI/Swagger, and experience with message queues (Kafka, SNS/SQS) suitable for healthcare data workflows | Security and authentication knowledge (OAuth2, JWT, Spring Security) relevant to HIPAA compliance requirements","No demonstrated healthcare domain experience (HL7, FHIR, EHR systems, HIPAA compliance) which is core to this role's integration focus | No evidence of LLM/AI technology experience, which the job explicitly requires for reverse-engineering EHRs using latest LLM developments | Seniority mismatch: 4 years experience is mid-level; role requires Senior-level engineer with mentorship responsibilities and architectural decision-making authority | No third-party healthcare system integration experience (EMRs, insurance providers, healthcare APIs) despite strong general integration skills",,,https://jobs.ashbyhq.com/commure/ee0220cc-ecec-413f-a22a-4d4d229683de
62,possible,yes,2,4,2026-06-18,Sr. Software Engineer - Engineering Enablement,meridianlink,US Remote,"Strong CI/CD expertise: Jenkins, Docker, Kubernetes, Terraform, and infrastructure-as-code experience directly applicable to CI/CD platform ownership | Microservices and distributed systems background with Spring Cloud, API design, and service-oriented architecture aligns with platform thinking | Cloud platform proficiency across AWS, Azure, GCP with hands-on infrastructure work (DynamoDB, SNS/SQS, Kafka) shows ability to design scalable systems","Seniority mismatch: 4 years experience is mid-level; role explicitly requires senior-level IC who owns end-to-end with limited guidance and identifies problems proactively—candidate is likely still developing this maturity | No demonstrated experience with AI tooling, LLM infrastructure, MCP servers, agent orchestration, or prompt management—core 40% of the role's focus on AI-native development platform | Missing platform/enablement mindset evidence: no clear track record of building shared infrastructure for multiple teams, measuring adoption (DORA metrics), or treating engineers as customers with product thinking",5,,https://jobs.ashbyhq.com/meridianlink/b569b567-7733-46bf-8aa2-4cd36be1e996
62,possible,unknown,0,5,2026-06-17,"Senior Software Engineer, Virality and Activation",otterai,"Mountain View, CA","Strong backend engineering foundation with Java Spring Boot, Python, and microservices architecture directly applicable to scalable growth systems | Proven experience with full-stack systems: APIs, databases (SQL, MongoDB, DynamoDB), messaging (Kafka, SNS/SQS), and cloud platforms (AWS, Azure, GCP) needed for sharing/notification pipelines | Demonstrated ability to work cross-functionally with product and data through Agile/Scrum experience, and technical rigor with TDD, CI/CD, and documentation practices","Seniority mismatch: 4 years of experience vs. 5+ years required for Senior role; candidate is mid-level, not senior | No explicit evidence of A/B testing frameworks, experimentation platforms, analytics instrumentation, or growth metrics expertise that are core to this Virality & Activation role",5,,https://otter.ai/careers?gh_jid=7776928003
62,possible,unknown,0,5,2026-06-17,Sr. Software Engineer - Provider Services (Remote),rula,Remote - United States,"Strong backend engineering foundation with Java Spring Boot, microservices architecture, and API design (RESTful, GraphQL, OpenAPI/Swagger) | Excellent cloud and DevOps skills matching job requirements: AWS, Docker, Kubernetes, Terraform, CI/CD, and event-driven systems (Kafka, SNS/SQS) | Full-stack capability with Node.js, TypeScript, and modern frontend frameworks; demonstrates ability to understand end-to-end systems and third-party integrations | US work authorization with no sponsorship required; remote-ready profile aligns with company culture","Seniority mismatch: 4 years of experience vs. 5+ years required for Senior role; candidate is mid-level, not senior | No demonstrated experience at growth-stage companies, legacy system migrations to microservices, or leading cross-functional initiatives as mentioned in preferred qualifications",5,,https://jobs.ashbyhq.com/rula/40daa3f2-ca92-4807-a855-e960798750da
62,possible,unknown,0,6,2026-06-16,Full-Stack Developer,mcadams,"Raleigh, North Carolina, United States","4 years of experience matches the 4+ years requirement exactly | Advanced proficiency in Python and JavaScript/TypeScript demonstrated across multiple frameworks (Node.js, Angular, React, Vue) | Full-stack experience with both backend (Spring Boot, Express.js) and frontend (Angular, React) technologies | Strong Git/version control experience (Git, BitBucket) and GitHub workflow capability","No demonstrated experience with low-code/no-code platforms (Azure Power Platform, Foundry, Copilot Studio) which are central to the role | No evidence of generative AI experience, model selection, advanced prompting, or ML fundamentals—a key requirement | No mention of AI-assisted development tools (Claude Code, GitHub Copilot) in practical use | Background is traditional pro-code microservices/cloud architecture; role emphasizes hybrid low-code/pro-code blend with AI focus",4,,https://job-boards.greenhouse.io/mcadams/jobs/5165907007
62,possible,yes,13,6,2026-06-16,Full Stack AI Developer,Enterprise Knowledge,"Arlington, Virginia, United States","Strong full-stack foundation with Python, Java, React, Vue, TypeScript, and Node.js covering both backend and frontend requirements | Extensive microservices, API design, and cloud infrastructure experience (AWS, Azure, GCP, Docker, Kubernetes) directly applicable to scalable AI solutions | Proven data engineering skills with SQL, MongoDB, DynamoDB, and pipeline experience relevant to RAG data integration workflows | 4 years professional experience aligns well with the 1-3 year requirement and demonstrates maturity beyond entry-level","No demonstrated experience with RAG pipelines, embeddings, reranking, vector databases, or NLP/LLM frameworks—the core AI technical requirement | Missing hands-on experience with AI orchestration patterns, agentic systems, prompt engineering, or LLM integration tools (LangChain, LlamaIndex, etc.) | No evidence of working with semantic layers, knowledge graphs, or specialized AI evaluation frameworks required for the role's AI-specific responsibilities",1,,https://jobs.workable.com/view/uxNr5H3YKc8gay9EbCykcq/hybrid-full-stack-ai-developer-in-arlington-at-enterprise-knowledge
62,possible,no,0,6,2026-06-16,Sr. Manager/ Director AI Software Engineer,appnovation,New York,"Strong fullstack capabilities: Python, Node.js/Express, React, Vue.js, TypeScript, ES6 all present | Comprehensive database experience: MySQL, PostgreSQL (implied SQL), MongoDB, DynamoDB | Solid DevOps/Cloud foundation: AWS, Docker, Kubernetes, CI/CD, Git | Microservices and API design expertise: RESTful APIs, GraphQL, OpenAPI/Swagger, SOA","Seniority mismatch: 4 years experience vs. 5+ required; role title is 'Sr. Manager/Director' suggesting leadership/mentorship expectations not evidenced | No mention of AI-powered development tools (Claude Code, GitHub Copilot) experience or AI/ML domain expertise despite job emphasis | Missing PostgreSQL explicitly listed (only SQL/MySQL mentioned, though likely capable) | No evidence of consulting, architectural leadership, or cross-functional team leadership at scale",5,,https://job-boards.greenhouse.io/appnovation/jobs/8593964002
62,possible,yes,1,6,2026-06-16,Senior Full Stack Platform Engineer,Realtime Robotics,"Boston, Massachusetts, United States","Strong full-stack capabilities with React, TypeScript, Node.js, and backend services (Spring Boot, Express.js) | Extensive AWS experience with cloud-native systems, Docker, Kubernetes, Terraform, and CI/CD (Jenkins) | Solid distributed systems knowledge: microservices, async workflows (Kafka, SNS/SQS), databases (SQL, NoSQL), and observability (Splunk) | Security expertise: OAuth2, JWT, Spring Security align with enterprise identity requirements","Seniority mismatch: 4 years experience vs. 5+ years required for Senior role; lacks demonstrated mentorship track record and architectural leadership at scale | Next.js experience not mentioned; while React proficiency is strong, Next.js-specific expertise (SSR, routing, deployment patterns) is a stated requirement | No explicit mention of multi-tenant architecture design, role-based/attribute-based access control systems, or enterprise compliance frameworks (SOC 2, ISO 27001) that are core to this platform role",5,,https://jobs.workable.com/view/pPdwWc5YeqdVTKRPUyY2o2/hybrid-senior-full-stack-platform-engineer-in-boston-at-realtime-robotics
62,possible,unknown,0,6,2026-06-16,Senior Full Stack Software Engineer,noctrixhealth,"Pittsburgh, PA","Strong full-stack capabilities with Python, Java Spring Boot, Node.js, and React/Angular matching backend and frontend requirements | Extensive microservices, API design (RESTful, GraphQL), and cloud infrastructure experience (AWS, Azure, GCP) directly applicable to Galen Data and Nidra Sync API | Proven security expertise with OAuth2, JWT, Spring Security, and authentication/authorization patterns required for regulated medical device environment | 4 years of relevant experience with modern DevOps practices (Docker, Kubernetes, Terraform, CI/CD, Jenkins) supporting scalable systems","Seniority mismatch: 4 years experience is mid-level; Senior role typically requires 7-10+ years; candidate lacks demonstrated mentorship and architectural leadership track record | No evidence of medical device, healthcare, or regulated industry experience (FDA compliance, quality systems, clinical workflows) which is critical for this role | No mention of Flutter or mobile application integration experience; role requires collaboration with Flutter-based patient apps | Missing specific experience with complex data processing pipelines, clinical data handling, or healthcare data architectures that Galen Data and Nidra Sync API demand",5,senior/8+yr signals in JD,https://job-boards.greenhouse.io/noctrixhealth/jobs/5263490008
62,possible,yes,5,7,2026-06-15,"Sr. Software Engineer, AI Enablement",klaviyo,"Boston, MA","Strong full-stack engineering foundation with Python, Java, Node.js, and modern frontend frameworks (React, Angular, Vue) - directly aligns with 'full stack platforms and tools' requirement | 4 years of experience with microservices, cloud platforms (AWS, Azure, GCP), Docker, Kubernetes, and CI/CD - solid infrastructure knowledge for building scalable AI enablement platforms | Proven experience with APIs (RESTful, GraphQL), service-oriented architecture, and cross-functional collaboration patterns needed for integrating AI services across teams","No demonstrated AI/ML expertise, LLM integration experience, or AI tooling background - the core focus of this senior role is AI enablement and the candidate shows no signals of working with AI systems, prompt engineering, or ML frameworks | Seniority mismatch: 4 years experience is mid-level; role requires 'Senior Software Engineer' with technical leadership and mentorship expectations typically requiring 6-8+ years, especially for a specialized AI enablement domain",5,,https://www.klaviyo.com/careers/jobs/7688416003?gh_jid=7688416003
62,possible,unknown,0,7,2026-06-15,"Senior Software Engineer, CI/CD Platform",ixllearning,"San Mateo, CA","Strong programming skills in Java and Python, matching the required OOP and scripting language requirements | Extensive hands-on experience with Docker, Kubernetes, and containerized environments | Proven CI/CD expertise with Jenkins, plus broader DevOps tooling (Terraform, AWS, GCP, Azure) | Cloud infrastructure experience across AWS, Azure, and GCP with demonstrated proficiency","Seniority mismatch: 4 years of experience vs. 6+ years required for Senior role; candidate is mid-level, not senior | No demonstrated experience building reusable CI/CD systems or deployment platforms at scale; background is primarily application engineering rather than infrastructure/platform engineering | No mention of mobile release experience (EAS/Expo) or specialized testing infrastructure work | Missing evidence of leading cross-team infrastructure initiatives or driving platform unification across multiple engineering organizations",6,,https://www.ixl.com/company/jobs?gh_jid=8592886002
62,possible,unknown,0,7,2026-06-15,"Forward Deployed AI Engineer, West",arizeai,Remote (San Francisco),"Strong software development foundation with 4 years of hands-on experience across Python, Java, TypeScript, and Node.js—exceeds the 2-5 year requirement and covers all three primary languages mentioned | Extensive cloud platform experience (AWS, Azure, GCP) with Docker and Kubernetes, directly matching job requirements | Microservices, API design (REST, GraphQL, OpenAPI/Swagger), and distributed systems expertise align well with building production-grade observability solutions","No demonstrated ML/AI or MLOps pipeline experience—critical gap for an AI-focused role; candidate's background is pure backend/full-stack engineering without evidence of ML model deployment, monitoring, or GenAI application development | No mention of AI/ML observability, evaluation frameworks, or production GenAI systems experience—core to the Forward Deployed AI Engineer role despite strong general engineering credentials",2,,https://job-boards.greenhouse.io/arizeai/jobs/6030953004
62,possible,unknown,0,7,2026-06-15,QA Engineer,bridgeway,Remote,"4 years of software engineering experience matches the 4+ years QA requirement | Strong programming skills in Python, Java, and JavaScript/TypeScript exceed the solid programming requirement | Extensive CI/CD experience with Jenkins, Git, and cloud platforms (AWS, Azure, GCP) aligns with DevOps/CI/CD focus | Microservices and distributed systems background provides strong technical foundation for understanding complex systems under test","No demonstrated test automation experience or test automation framework expertise (TestComplete, Playwright, Selenium, etc.) - this is a core requirement | Background is as a full-stack/backend engineer, not QA engineer - lacks the 2+ years of dedicated test automation experience explicitly required | No mention of test planning, test case design, defect tracking workflows, or QA-specific methodologies | Missing experience with Azure DevOps (ADO) or similar QA-focused platforms for test management",2,,https://www.bridgewaybentech.com/job-posting?gh_jid=8593241002
62,possible,unknown,0,10,2026-06-12,Software Engineer Lead,personalisinc,"Fremont, CA","Strong full-stack and backend engineering foundation with 4 years of hands-on experience across Python, Java Spring Boot, and microservices architecture | Proven expertise in regulated/compliance-adjacent domains: OAuth2, JWT, Spring Security, CI/CD, and operational tooling (Splunk, Jenkins) align with GxP/clinical laboratory requirements | Demonstrated leadership capability through multiple senior titles (Lead, Microservices Engineer, Cloud Engineer) and experience with team-oriented technologies and best practices (TDD, Agile, code reviews)","Seniority mismatch: 4 years experience is mid-level; Software Engineer Lead typically requires 6-8+ years and proven track record managing teams—candidate has titles suggesting leadership but limited tenure to demonstrate sustained team leadership | No explicit healthcare/clinical laboratory domain experience mentioned; regulated clinical environments (GxP, CLIA, CAP compliance) require domain-specific knowledge not evident in candidate's background",2,,https://job-boards.greenhouse.io/personalisinc/jobs/7772264003
62,possible,unknown,0,10,2026-06-12,"Lead Software Development Engineer, Full Stack",pitchbookdata,"Seattle, Washington, United States","Strong full-stack capabilities with Python, Java Spring Boot, Node.js, and modern frontend frameworks (Angular, React, Vue.js) | Extensive cloud and infrastructure experience (AWS, Azure, GCP, Docker, Kubernetes, Terraform) critical for data platform work | Proven microservices and distributed systems knowledge (Kafka, SNS/SQS, service-oriented architecture, API design with OpenAPI/Swagger) | Data pipeline relevant skills: SQL, multiple databases (MySQL, MongoDB, Redis, DynamoDB), and experience with message queues and event streaming","Seniority mismatch: 4 years experience vs. 'Lead' and 'senior technical leader' role typically requiring 8-10+ years; candidate is mid-level, not senior | No mention of big data/data engineering tools (Spark, Hadoop, data warehousing, ETL frameworks) or large-scale data ingestion/processing systems experience | No evidence of leading/mentoring teams or setting technical strategy for organizations; role emphasizes 'technical north star' and team leadership | Missing domain expertise in data enrichment, data quality, or AI/ML pipeline infrastructure that the 'Frontier Data Platform' role likely requires",7,,https://job-boards.greenhouse.io/pitchbookdata/jobs/4688763006
62,possible,unknown,0,10,2026-06-12,"Senior Software Engineer, Client Implementations",coherehealth,United States,"Strong full-stack capabilities: Java Spring Boot backend, React/TypeScript frontend, and Node.js experience directly align with job's Java/React/TypeScript stack | Solid data & messaging experience: MongoDB, Kafka, and event-driven architecture expertise match the job's NoSQL and message-driven workflow requirements | Cloud & DevOps maturity: AWS, Docker, Kubernetes, Terraform, CI/CD, and Jenkins experience demonstrate production-grade systems operation | Modern development practices: Git, automated testing, TDD, and Agile/Scrum background show strong engineering discipline","Seniority gap: 4 years of experience vs. 5+ years required; lacks demonstrated epic-level ownership and mentorship track record expected at Senior level | Groovy/Grails experience absent: Job specifically calls for Groovy/Grails backend expertise, which candidate does not list despite strong Java Spring Boot background | Healthcare domain experience not evident: No mention of healthcare, prior authorization, multi-tenant systems, or regulated environments; this is a mission-critical healthcare role requiring domain context",5,,https://job-boards.greenhouse.io/coherehealth/jobs/7771934003
62,possible,unknown,0,10,2026-06-12,Fullstack Software Engineer (Ruby on Rails / React) 🇪🇺,pennylane,Remote,"Strong React/TypeScript frontend experience with 4 years fullstack background | Extensive AWS cloud infrastructure knowledge matching job requirements | Proven microservices, REST API, and modern web development expertise | US work authorization eliminates visa/sponsorship concerns for EU-based remote role",No Ruby on Rails experience - core tech stack requirement; candidate has Java Spring Boot and Node.js but not Rails | Missing Ruby language proficiency entirely; job explicitly requires Rails/Ruby expertise,2,,https://jobs.ashbyhq.com/pennylane/c7714959-a5a1-46a4-bede-a3c45accd1b8
62,possible,no,0,11,2026-06-11,Sr. Software Developer  (Infrastructure),bandwidth,"Raleigh, NC","Strong Python and TypeScript skills directly match job requirements | Extensive AWS experience with cloud infrastructure, Docker, Kubernetes, and Terraform | Proven platform/infrastructure background: CI/CD (Jenkins), microservices, API design, and developer tooling experience | 4 years production experience with web services and cloud platforms","Seniority mismatch: 4 years experience vs. 5+ years required for Sr. role; candidate is mid-level, not senior | No demonstrated experience with LLM APIs, AI gateways, model routing, or AI infrastructure (core focus of this role) | Missing Go language (listed as preferred); only Python/TypeScript from the preferred stack | No evidence of building/operating LLM proxies, AI observability systems, or agentic workflows",5,,https://job-boards.greenhouse.io/bandwidth/jobs/8001619
62,possible,unknown,0,11,2026-06-11,Senior Front End Software Engineer ,axon,"Washington, United States","Strong expertise in JavaScript/TypeScript, Angular, React, and HTML5/CSS3 - core frontend stack required | 4 years of professional software development with full-stack background including frontend-heavy roles | Experience with modern tooling, testing frameworks (TDD background), performance optimization, and cloud services (AWS, GCP, Azure) | Authorized to work in US with no sponsorship required","Seniority mismatch: 4 years experience vs 6+ years required for Senior role; lacks the depth expected at senior level for architecture leadership and mentoring | Missing specific frontend expertise: no mention of Webpack/bundling tools, Jest/Karma testing frameworks, or deep web performance optimization (code splitting, lazy loading, TTI) - critical for this senior frontend role | No demonstrated experience with AI-assisted development tools or AI-first engineering practices, which is a key focus area for this role | Backend/microservices focus in background suggests generalist rather than deep frontend specialization needed for senior frontend architecture decisions",6,,https://job-boards.greenhouse.io/axon/jobs/7727438003
62,possible,no,0,12,2026-06-10,Growth - Senior Software Engineer,sprinter-health,"San Francisco, CA","Strong backend engineering foundation with Python, Java Spring Boot, Node.js, and microservices architecture—core skills for building experimentation and messaging systems | 4 years of software engineering experience with demonstrated full-stack capability (frontend: Angular, React, Vue; backend: Spring Boot, Express; databases: SQL, MongoDB, Redis) | Proven cloud and infrastructure expertise (AWS, Azure, GCP, Docker, Kubernetes, Terraform) relevant for scaling multi-channel engagement systems | Experience with messaging systems (Apache Kafka, AWS SNS/SQS) and APIs (RESTful, GraphQL) directly applicable to SMS/email/mail engagement platforms","No demonstrated growth engineering, experimentation platform, or A/B testing framework experience—the job heavily emphasizes shipping experiments, funnel optimization, and metrics-driven product decisions | Seniority mismatch: candidate has 4 years total experience; job requires 5+ years as software engineer plus 2-3 years specifically on growth/experimentation teams (7-8 years implied). No evidence of mentoring or pod-level ownership mentioned in candidate profile | No evidence of working on activation, conversion, retention, or booking metrics—core growth metrics the role focuses on | Missing domain context: no healthcare, marketplace, or last-mile logistics product experience; no demonstrated ability to operate in high-ambiguity, zero-to-one, or PLG environments",2,,https://jobs.ashbyhq.com/sprinter-health/b598c019-58ee-40fe-825a-5f259324ddb6
62,possible,unknown,0,12,2026-06-10,Senior Software Engineer - Backend,sigmacomputing,"New York City, NY","4 years backend engineering experience exceeds 2+ year minimum requirement | Strong distributed systems foundation with microservices, Kubernetes, Docker, and cloud platforms (AWS, GCP, Azure) | Solid API development experience with GraphQL, RESTful APIs, and OpenAPI/Swagger | SQL and database experience (MySQL, MongoDB, DynamoDB) with some optimization exposure",No Rust or Go experience listed; job explicitly calls for these modern languages as primary backend tools | Limited evidence of data model design or SQL query optimization depth required for data warehouse context | No demonstrated experience with high-growth company scaling or data-driven distributed system problem-solving | Backend focus is solid but full-stack background suggests less specialization in backend depth vs. generalist,2,,https://job-boards.greenhouse.io/sigmacomputing/jobs/7767902003
62,possible,no,0,12,2026-06-10,Senior Software Engineer (Full Stack),virtuous,"Remote, USA","Strong full-stack capabilities with Python backend experience and modern frontend frameworks (React, Angular, Vue.js) | Proven microservices, scalability, and cloud infrastructure expertise (AWS, Docker, Kubernetes, Terraform) directly applicable to platform performance and reliability | 4 years of relevant experience with RESTful APIs, GraphQL, CI/CD, and observability tools (Splunk) aligns with role's focus on shipping reliably at scale","No demonstrated Django experience; candidate's Python background appears to be general/Spring Boot-focused rather than Django-specific, requiring ramp-up on their primary backend framework | Missing explicit PostgreSQL expertise (candidate has MySQL, MongoDB, DynamoDB but no PostgreSQL listed), which is their primary datastore | No mention of HTMX or server-side rendering architecture experience; candidate's frontend background is heavily client-side (React, Angular, Vue.js), misaligned with their migration toward leaner server-side patterns",6,,https://jobs.ashbyhq.com/virtuous/c15860ec-0589-468f-9b1b-4db726df6cf7
62,possible,unknown,0,12,2026-06-10,GOV Site Reliability Engineer,veeamsoftware,"Remote, United States","Strong cloud platform experience (AWS, Azure, Google Cloud) with specific Azure exposure relevant to Azure Government requirements | Proven microservices, Kubernetes, Docker, and infrastructure-as-code (Terraform) skills directly applicable to SRE work | Solid observability foundation with Splunk, CI/CD, monitoring, and incident response experience through microservices background","No demonstrated SRE-specific experience or on-call/incident response leadership; background is primarily backend/full-stack development rather than reliability engineering | Missing government/sovereign cloud compliance, security clearance, or regulated environment experience (FedRAMP, ITAR, etc.) which is critical for GOV role",3,,https://job-boards.eu.greenhouse.io/veeamsoftware/jobs/4634731101
62,possible,unknown,0,12,2026-06-10,"Software Engineer, Applied AI/ML",peregrinetechnologies,"San Francisco, California, Unites States","4 years of experience aligns well with the 2-5 year requirement | Strong Python backend expertise with microservices, APIs, and cloud infrastructure (AWS, Kubernetes, Terraform) matching core stack | Full-stack capability with React frontend experience, relevant for AI/ML feature delivery | Experience with data pipelines, message queues (Kafka, SNS/SQS), and distributed systems applicable to scaling and real-time data challenges","No demonstrated experience with generative AI, LLMs, or machine learning—critical for 'Applied AI' role despite bonus framing | Missing specific experience with ML platforms (Bedrock, SageMaker) and ML ops tooling (Airflow mentioned in stack but not in candidate skills) | No evidence of Django or Celery experience; candidate shows Spring Boot and Node.js but not the exact Python web framework stack | No mention of Elasticsearch, PostgreSQL, or data science fundamentals needed for the AI/ML-focused team",2,,https://job-boards.greenhouse.io/peregrinetechnologies/jobs/4704778005
62,possible,unknown,0,12,2026-06-10,Senior Software Engineer - Fullstack,sigmacomputing,"New York City, NY","Strong full-stack capabilities with modern web technologies (GraphQL, TypeScript, Node.js, React/Angular) | Solid cloud infrastructure experience (AWS, GCP, Kubernetes, Terraform, Docker) matching job's cloud-native requirements | Proven backend API design and security expertise (OAuth2, JWT, Spring Security, RESTful APIs, OpenAPI/Swagger) | Database experience including SQL optimization and NoSQL (MySQL, MongoDB, DynamoDB, Redis)","Seniority mismatch: 4 years experience vs. 5+ years required for Senior role; candidate is mid-level, not senior | Missing required tech stack: No Rust or Go experience (explicitly mentioned as 'modern tools' the role builds with) | No demonstrated data analytics systems experience (job emphasizes data warehouse exploration/analysis) | No evidence of distributed systems monitoring/profiling expertise or SQL query optimization depth",5,,https://job-boards.greenhouse.io/sigmacomputing/jobs/7767910003
62,possible,unknown,0,12,2026-06-10,Senior Software Engineer,stellic,"This role is hybrid/in-office preferred in San Mateo, California, with remote flexibility considered case by case.","Full-stack capability with strong front-end (Angular, React, TypeScript) and back-end (Python, Java Spring Boot, Node.js) experience across multiple domains | Proven production shipping experience with CI/CD, testing practices, and modern DevOps tools (Docker, Kubernetes, Jenkins) demonstrating quality-focused mindset | Microservices and distributed systems expertise (Kafka, SNS/SQS, service-oriented architecture) with cloud platform experience (AWS, Azure, GCP) relevant to scaling platforms","Seniority mismatch: 4 years of experience falls 1+ year short of the explicit 5+ years requirement for Senior role; candidate is mid-level, not senior | No demonstrated mentorship or leadership experience mentioned; job emphasizes mentoring junior engineers and owning cross-functional initiatives, which typically requires more seniority and explicit track record",5,,https://jobs.ashbyhq.com/stellic/20bdc69f-4bd6-4ae8-8c21-86b8bae312a6
62,possible,unknown,0,13,2026-06-09,"Software Engineer, Test Infrastructure (Application Software)",spacex,"Hawthorne, CA","Strong Python experience (required 1+ years, candidate has 4 years professional experience) | Extensive front-end framework experience (Angular, React, Vue.js - preferred skills) | Deep DevOps/infrastructure expertise (Docker, Kubernetes, CI/CD, Jenkins, Terraform, cloud platforms) | Database experience across multiple systems (SQL, MySQL, MongoDB, DynamoDB, Redis)","No C/C++ experience listed (required 1+ years) - critical gap for test infrastructure at SpaceX | No telemetry-based software development experience mentioned (preferred but important for role) | No build system experience (Make, Bazel) listed (preferred) | No UNIX system administration tools experience (Ansible, Puppet) mentioned (preferred)",1,,https://boards.greenhouse.io/spacex/jobs/8585072002?gh_jid=8585072002
62,possible,yes,21,13,2026-06-09," Software Engineer, Storage",roblox,"San Mateo, CA, United States","Strong distributed systems foundation with microservices, Kubernetes, Docker, and cloud platforms (AWS, Azure, GCP) | Relevant data technology experience: Redis, MySQL, MongoDB, DynamoDB, SQL, and Kafka for event streaming | Proven infrastructure-as-code skills with Terraform and CI/CD automation (Jenkins) | 4 years of backend engineering experience with Java Spring Boot and cloud-native architecture","No demonstrated experience with large-scale distributed caching systems design or optimization (sub-millisecond latency, horizontal scalability at billion-user scale) | Missing specialized storage infrastructure expertise: no mention of RDBMS internals (CockroachDB, PostgreSQL), KV store optimization, or storage-specific performance tuning | Limited evidence of on-call operations, SLA management, or 24x7 mission-critical service ownership at the scale Roblox requires | No clear background in data security architecture, compliance hardening, or storage Infra-as-a-Service platform design",1,,https://careers.roblox.com/jobs/7991654?gh_jid=7991654
62,possible,unknown,0,13,2026-06-09,Software Infrastructure Engineer (Starlink),spacex,"Palo Alto, CA","Strong Python and scripting language expertise (required for infrastructure automation) | Extensive Kubernetes, Docker, and containerization experience (core infrastructure requirement) | Terraform and infrastructure-as-code skills directly match job requirements | AWS/cloud platform experience with hands-on DevOps tooling (Jenkins, CI/CD)","No explicit systems administration, SRE, or DevOps role titles in background—primarily full-stack/backend engineer roles, not infrastructure-focused | Missing C/C++ development experience (listed as required alongside Python) | No mention of Ansible or configuration management tools (Terraform present but Ansible specifically called out) | Limited evidence of on-premise infrastructure management or hardware-level troubleshooting typical of satellite/space infrastructure",1,,https://boards.greenhouse.io/spacex/jobs/8584920002?gh_jid=8584920002
62,possible,yes,8,14,2026-06-08,"Senior Software Engineer, Public Backup",mongodb,New York City,"Strong Java/Spring Boot backend experience with microservices and distributed systems knowledge | Full-stack capability across backend, frontend (JavaScript/TypeScript), and DevOps (Docker, Kubernetes, AWS, GCP, Azure) | 4 years of relevant experience with modern web application architecture, CI/CD, and cloud platforms | Proven ability with large-scale infrastructure (Kafka, SNS/SQS, databases at scale)",No demonstrated experience with Go (Backup Agent language) or compiled languages like C# - primary backend work is Java/Python/Node.js | Limited evidence of deep Linux systems-level debugging and hardware performance correlation skills required for production crisis resolution | Seniority level is mid-level (4 years) for a Senior role; typically expects 6-8+ years for senior distributed systems work at MongoDB scale,,,https://www.mongodb.com/careers/job/?gh_jid=7975692
62,possible,unknown,0,14,2026-06-08,Senior Software Engineer - Product,consumerreports,"Yonkers, NY","Full-stack expertise with modern frontend (Angular, React, TypeScript) and backend (Python, Java Spring Boot, Node.js) skills matching multi-platform AskCR requirements | 4 years of experience with microservices, cloud platforms (AWS, Azure, GCP), Docker, Kubernetes, and CI/CD aligns with scalable product engineering needs | Strong API design background (RESTful, GraphQL, OpenAPI/Swagger) and cross-team collaboration experience (Agile, Scrum) supports coordinating engineering efforts","Seniority mismatch: 4 years experience is mid-level; Senior Product Engineer role typically requires 6-8+ years and demonstrated technical leadership/mentoring track record | No mention of AI/ML integration, LLM frameworks, or chatbot-specific experience despite AskCR being AI-powered chatbot central to the role | Limited evidence of architectural leadership, multi-platform strategy ownership, or leading cross-functional technical initiatives at scale",5,,https://job-boards.greenhouse.io/consumerreports/jobs/5145313007
62,possible,unknown,0,14,2026-06-08,Senior Software Engineer ,thebaltimorebanner,"Baltimore, Maryland","Strong full-stack capabilities with React, Node.js, and JavaScript expertise matching job's preferred tech stack | Proven AWS cloud infrastructure experience with scalable solution design | 4 years of relevant experience with microservices, APIs, and modern web application development | Cross-functional collaboration experience in agile environments with product and design teams","Seniority mismatch: 4 years experience is mid-level; Senior role typically requires 6-8+ years of demonstrated leadership and architectural ownership | No evidence of senior-level responsibilities such as mentoring, technical leadership, or major architectural decisions in provided background",3,,https://job-boards.greenhouse.io/thebaltimorebanner/jobs/6015776004
58,possible,unknown,0,10,2026-06-12,"Senior Software Engineer, Platform Engineering",rillet,New York City,"Strong cloud infrastructure expertise (AWS, Azure, GCP) with hands-on Docker and Kubernetes experience | Proven CI/CD and DevOps skills (Jenkins, Terraform, infrastructure-as-code mindset) | Microservices and distributed systems architecture experience with Spring Cloud and SOA | Full-stack capability enables understanding of developer needs across the org","Seniority mismatch: 4 years experience vs. 5+ years required for Senior role with infrastructure leadership expectations | No demonstrated track record of leading large-scale projects or mentoring engineers at scale | Limited evidence of setting technical direction for reliability, security, and compliance at organizational level | No mention of API design/scalability expertise or external API platform ownership experience",5,,https://jobs.ashbyhq.com/rillet/e2fc4209-2955-4856-9010-d1df94fccb88
58,possible,unknown,0,11,2026-06-11,"Senior Software Engineer, IAM",crusoe,"San Francisco, CA - US","4 years of backend/microservices experience with Java Spring Boot, demonstrating solid foundation in distributed systems | Strong security fundamentals: OAuth2, JWT, Spring Security, TLS knowledge, and authentication/authorization patterns | Proven cloud infrastructure expertise: AWS, Azure, GCP, Docker, Kubernetes, Terraform, CI/CD (Jenkins) — all required for IAM platform scaling","Seniority mismatch: 4 years experience vs. 5+ years required for Senior role; lacks demonstrated senior-level mentorship and architectural leadership | Missing compiled languages: No Go, Rust, C#, or C++ experience (job explicitly requires modern compiled languages); candidate stack is primarily Python, Java, JavaScript/TypeScript",5,,https://jobs.ashbyhq.com/crusoe/ae895098-b712-4f67-81b7-d68df07cc856
52,weak,yes,45,5,2026-06-17,"SDET II, tvScientific",pinterest,"San Francisco, CA, US; Remote, US","Strong API testing foundation with RESTful APIs, GraphQL, and OpenAPI/Swagger experience | Solid CI/CD and automation infrastructure knowledge (Jenkins, Docker, Kubernetes, Terraform) | Backend and microservices expertise aligns with understanding of API contract testing and backend validation | Experience with multiple cloud platforms (AWS, Azure, GCP) and monitoring tools (Splunk)","No demonstrated SDET or QA automation testing background—candidate is a software engineer, not a test automation specialist; lacks test framework expertise (Selenium, Cypress, Playwright, etc.) | No evidence of manual testing, exploratory testing, or QA methodology experience; role requires balance of manual + automation testing excellence | Missing specialized test automation skills: no mention of API testing frameworks (REST Assured, Postman scripting), test data management, or test case design patterns | Seniority mismatch: SDET II is a mid-to-senior QA role requiring 5+ years QA/SDET experience; candidate has 4 years as a software engineer in different domain",2,,https://www.pinterestcareers.com/jobs/?gh_jid=8011568
52,weak,no,0,6,2026-06-16,"Senior Backend Engineer - Payments & Billing (Remote, US)",openly,Remote - United States,"Strong backend foundation with Java Spring Boot, Python, and microservices architecture experience | Payments/billing domain adjacent skills: RESTful APIs, GraphQL, OAuth2, JWT, Spring Security for secure transactions | Cloud infrastructure expertise (AWS, Azure, GCP) with Docker, Kubernetes, Terraform for scalable systems | Message queue experience (Kafka, SNS/SQS) relevant for payment processing pipelines","Only 4 years experience for Senior-level role (typically requires 6-8+ years); significant seniority gap | No demonstrated payments/billing domain expertise, fintech experience, or PCI-DSS compliance background mentioned | Missing critical payments-specific skills: payment gateway integration (Stripe, Square, PayPal), ledger systems, reconciliation logic, fraud detection, or transaction settlement experience",4,,https://job-boards.greenhouse.io/openly/jobs/4697076005
52,weak,unknown,0,6,2026-06-16,Senior Platform Engineer (Cloud Workloads),veeamsoftware,"San Jose, CA, USA","Strong cloud platform experience across AWS, Azure, and GCP with 4 years of hands-on work | Solid infrastructure-as-code skills (Terraform) and CI/CD pipeline experience (Jenkins, Azure DevOps adjacent) | Microservices, distributed systems, and observability mindset demonstrated through Kafka, monitoring tools (Splunk), and API design","Seniority mismatch: 4 years experience vs. 5+ years required for Senior Platform Engineer role; lacks depth in SRE/platform-specific domain | No demonstrated Elastic Stack expertise (Elasticsearch, Kibana, Fleet, KQL, Query DSL) — critical to the role; Splunk experience does not transfer directly | Missing Azure-specific security and infrastructure skills: no evidence of Entra ID, Managed Identities, App Registrations, Key Vault, or Azure Bicep; limited Azure depth vs. AWS focus",5,,https://job-boards.eu.greenhouse.io/veeamsoftware/jobs/4763551101
52,weak,yes,2,7,2026-06-15,"Software Engineer, Customer Insights",pantheon,"US, Remote","4 years production experience matches 3+ requirement and demonstrates solid seniority | Strong full-stack foundation with React, TypeScript, GraphQL, and RESTful APIs directly required | SQL and Python skills present for data work; experience with multiple cloud platforms (AWS, Azure, GCP) shows infrastructure comfort","No Go experience listed; job emphasizes Go as primary language—this is a significant technical stack mismatch for a backend-focused role | No demonstrated observability platform experience (New Relic, Grafana, Datadog) despite being listed as a plus; no background in observability domain | No BigQuery experience mentioned; SQL is present but BigQuery-specific data warehouse work is a stated requirement",3,,https://pantheon.io/about/careers/detail?gh_jid=8008383
52,weak,yes,2,10,2026-06-12,"Senior Systems Engineer, IVD Software ",veracyte,"South San Francisco, California, United States","Strong distributed systems and microservices architecture experience aligns with system-level design responsibilities | Proven expertise with Docker, Kubernetes, and multi-cloud deployment (AWS, Azure, GCP) relevant to hybrid infrastructure management | 4 years of backend engineering with Spring Boot, databases (SQL, MongoDB), and infrastructure-as-code (Terraform) demonstrates technical depth","No demonstrated Windows-based systems expertise, IIS, SQL Server, or WSL experience—core technical stack for this IVD product role | Missing regulated/compliance domain knowledge (IVD, medical device software, FDA validation, GxP) critical for in vitro diagnostic products | Seniority mismatch: 4 years experience is mid-level; role explicitly requires 'Senior individual contributor' and 'recognized technical authority' with broader autonomy and influence than typical 4-year engineer",2,,https://veracyte.com/job-detail?gh_jid=5146940007
52,weak,unknown,0,11,2026-06-11,"Senior Software Engineer, Applied AI",coreweave,"New York, NY / Sunnyvale, CA / Bellevue, WA","Strong full-stack capabilities with Python, Java, TypeScript, React, and Node.js covering both backend and frontend requirements | Extensive experience with containerization (Docker, Kubernetes), CI/CD, and deployment tooling matching production-grade infrastructure needs | Solid API design experience (REST, GraphQL, OpenAPI/Swagger) and data platform familiarity (Kafka, Redis, DynamoDB) relevant to data infrastructure role","Seniority mismatch: 4 years of experience vs. 7+ years required; candidate is mid-level, role explicitly seeks senior-level ownership and architectural decision-making | No demonstrated production AI/ML/LLM application experience; job emphasizes 'developing and deploying AI/ML/LLM-powered applications in production' as a core requirement | Missing Go language proficiency (listed as preferred backend option); no evidence of Next.js experience (explicitly mentioned for modern frontend frameworks)",7,,https://coreweave.com/careers/job?4688538006&board=coreweave&gh_jid=4688538006
52,weak,yes,12,11,2026-06-11,"Software Engineer, Investor And Fund Administration",point72,United States,"Strong Java/Spring Boot experience aligns with backend requirements | Proven microservices, Kubernetes, and AWS expertise directly matches job needs | Kafka and messaging systems experience (AWS SNS/SQS) covers required messaging layer | SQL and relational database skills demonstrated","Missing Scala experience (required 5+ years focus on Scala and Java; candidate has Java but no Scala mentioned) | Only 4 years experience vs. 5+ years required (seniority gap) | No demonstrated experience in investor/fund administration domain or financial services | Limited evidence of front-to-back, end-to-end design in complex application landscapes specific to this domain",5,,https://boards.greenhouse.io/point72/jobs/8580338002?gh_jid=8580338002
52,weak,no,0,12,2026-06-10,Product Engineering - Senior Software Engineer,sprinter-health,"San Francisco, CA","Strong backend and full-stack technical foundation with Java Spring Boot, Python, Node.js, and modern API design (REST, GraphQL, OpenAPI) | Proven cloud and infrastructure expertise across AWS, Azure, GCP with Docker, Kubernetes, Terraform, and CI/CD—directly applicable to scaling healthcare systems | Solid microservices, SOA, and distributed systems experience with Kafka, SNS/SQS, and service-oriented architecture patterns needed for complex operational workflows","Seniority mismatch: 4 years experience vs. 5+ years required; candidate is mid-level, role explicitly seeks senior engineer with proven leadership/mentorship track record | No demonstrated healthcare, health tech, logistics, or operationally complex domain experience—job heavily emphasizes health tech, routing/scheduling, supply-demand dynamics, and clinical integration as differentiators",5,,https://jobs.ashbyhq.com/sprinter-health/778036a4-4ee1-4e2a-a443-3b582a5447ee
52,weak,unknown,0,13,2026-06-09,Senior Full Stack Engineer ,capitaltg,Remote (US),"Strong full-stack technical foundation with 4 years of relevant experience across backend (Java Spring Boot, Node.js), frontend (Angular, React), and cloud platforms (AWS, Azure, GCP) | Solid security fundamentals including OAuth2, JWT, Spring Security, and API security practices | Proven microservices, cloud architecture, and DevOps expertise with Docker, Kubernetes, Terraform, and CI/CD pipelines","Critical disqualifier: Candidate is not a US Citizen and job explicitly requires US Citizenship for Public Trust clearance eligibility | Seniority mismatch: 4 years experience is mid-level; Senior role typically requires 7-10+ years, especially for federal leadership positions requiring mentorship and strategic architecture decisions | Missing specialized expertise: No demonstrated experience with IAM/Identity modernization, Zero Trust architecture, federal compliance frameworks (FedRAMP, NIST), or enterprise security architecture at scale",6,,https://boards.greenhouse.io/capitaltg/jobs/5147810007?gh_jid=5147810007
52,weak,yes,4,13,2026-06-09,Senior Software Engineer - Data Platform,samsara,Remote - US,"Strong distributed systems and microservices architecture experience with Spring Boot, Kafka, and cloud platforms (AWS, Azure, GCP) | Proven infrastructure-as-code skills with Docker, Kubernetes, and Terraform across multiple cloud providers | Solid foundation in backend systems, APIs, and data pipeline concepts with experience in DynamoDB, MongoDB, and SQL databases","No demonstrated experience with Spark, Databricks, Delta Lake, or large-scale data platform infrastructure - the core technical focus of this role | Background is full-stack/backend application engineering, not specialized data infrastructure engineering; lacks evidence of building production data lakes, distributed compute platforms, or petabyte-scale ingestion systems | 4 years experience is below Senior level expectations for a specialized data platform role requiring deep expertise in big data ecosystems and distributed data systems",4,,https://www.samsara.com/company/careers/roles/7922530?gh_jid=7922530
52,weak,no,0,14,2026-06-08,Cloud Operations Engineer,beyondtrust,Remote USA | Remote Canada,Strong AWS and Azure cloud platform experience with hands-on infrastructure work | Docker and Kubernetes expertise directly applicable to cloud operations | Python scripting skills for automation and infrastructure-as-code | Terraform experience for infrastructure automation,"No demonstrated Linux/Windows Server systems administration experience; background is primarily application development, not infrastructure operations | Missing core cloud operations skills: no evidence of VM management, load balancer configuration, storage bucket administration, or SLA-driven incident response | No technical support or service delivery background; career trajectory is software engineering, not operations/SRE | No mention of Azure or AWS certifications",,,https://job-boards.greenhouse.io/beyondtrust/jobs/7976413
52,weak,unknown,0,14,2026-06-08,Sr. Software Infrastructure Engineer (Starlink),spacex,"Redmond, WA","Strong Python and scripting language expertise (required) | Extensive Kubernetes, Docker, and containerization experience (core requirement) | Terraform and infrastructure-as-code skills (explicitly required) | AWS/cloud platform experience with DevOps tooling (CI/CD, Jenkins)","Only 4 years experience vs 5+ years required for Sr. role with degree (or 7+ without); seniority gap is significant for senior-level infrastructure position | No demonstrated systems administration, site reliability engineering (SRE), or DevOps specialization; background is full-stack/backend application engineering, not infrastructure/ops | Missing C/C++ development experience (required); candidate has Java/Python but not systems-level languages | No evidence of Ansible or configuration management tool experience beyond Terraform",2,,https://boards.greenhouse.io/spacex/jobs/8573254002?gh_jid=8573254002
48,weak,unknown,0,6,2026-06-16,"Senior Software Engineer, Measurement & Reporting",lgads,"New York, NY","Strong Python and SQL proficiency with 4 years of production experience | Solid cloud platform experience (AWS, Azure, GCP) and containerization (Docker, Kubernetes) | Backend API development and microservices architecture expertise with Spring Boot and Node.js | CI/CD, monitoring (Splunk), and data pipeline concepts through Kafka and messaging systems","Seniority mismatch: 4 years experience vs. 5+ years required for Senior role; lacks depth in data engineering specialization | Missing core data engineering stack: no Databricks, Spark, or modern data platform experience mentioned; no ETL/ELT framework expertise | No data warehouse/data lake design experience; no evidence of large-scale data modeling or analytics platform work | No agentic AI/LLM application development experience; no mention of AI orchestration frameworks or AI-driven automation",5,,https://jobs.ashbyhq.com/lgads/d694f39e-0068-4162-9a9f-7f4468f9bdae
48,weak,unknown,0,12,2026-06-10,Senior Software Engineer  - Observability and Reliability,sigmacomputing,"San Francisco, CA","Strong cloud platform experience (AWS, Azure, GCP) with infrastructure administration skills | Kubernetes and containerization expertise with Docker and Terraform | Microservices architecture and distributed systems knowledge | Monitoring/observability exposure through Splunk and CI/CD pipeline work","Missing Go language experience (primary language for observability tools; candidate has Python/Java/Node.js but not Go) | Seniority mismatch: 4 years experience vs. 5+ years required for Senior role; observability/reliability domain expertise not demonstrated | No demonstrated experience with Open Telemetry, distributed tracing systems, or APM platforms as core focus | No evidence of building observability platforms, metrics/logging/alerting systems, or on-call reliability engineering",5,,https://job-boards.greenhouse.io/sigmacomputing/jobs/7767912003
